Alabama,Alaska,Arizona,Arkansas,California,Colorado,Connecticut,Delaware,Florida,Georgia,Hawaii,Idaho,Illinois,Indiana,Iowa,Kansas,Kentucky,Louisiana,Maine,Maryland,Massachusetts,Michigan,Minnesota,Mississippi,Missouri,Montana,Nebraska,Nevada,New Hampshire,New Jersey,New Mexico,New York,North Carolina,North Dakota,Ohio,Oklahoma,Oregon,Pennsylvania,Rhode Island,South Carolina,South Dakota,Tennessee,Texas,Utah,Vermont,Virginia,Washington,West Virginia,Wisconsin,Wyoming
Alexander City,Anchorage,Ajo,Arkadelphia,Alameda,Alamosa,Ansonia,Dover,Apalachicola,Albany,Hanalei,Blackfoot,Alton,Anderson,Amana Colonies,Abilene,Ashland,Abbeville,Auburn,Aberdeen,Abington,Adrian,Albert Lea,Bay Saint Louis,Boonville,Anaconda,Beatrice,Boulder City,Berlin,Asbury Park,Acoma,Albany,Asheboro,Bismarck,Akron,Ada,Albany,Abington,Barrington,Abbeville,Aberdeen,Alcoa,Abilene,Alta,Barre,Abingdon,Aberdeen,Bath,Appleton,Buffalo
Andalusia,Cordova,Avondale,Arkansas Post,Alhambra,Aspen,Berlin,Lewes,Bartow,Americus,Hilo,Boise,Arlington Heights,Bedford,Ames,Arkansas City,Barbourville,Alexandria,Augusta,Annapolis,Adams,Alma,Alexandria,Biloxi,Branson,Billings,Bellevue,Carson City,Claremont,Atlantic City,Alamogordo,Amsterdam,Asheville,Devils Lake,Alliance,Altus,Ashland,Aliquippa,Bristol,Aiken,Belle Fourche,Athens,Alpine,American Fork,Bellows Falls,Alexandria,Anacortes,Beckley,Ashland,Casper
Anniston,Fairbanks,Bisbee,Batesville,Anaheim,Aurora,Bloomfield,Milford,Belle Glade,Andersonville,Honaunau,Bonners Ferry,Arthur,Bloomington,Boone,Atchison,Bardstown,Bastrop,Bangor,Baltimore,Amesbury,Ann Arbor,Austin,Canton,Cape Girardeau,Bozeman,Boys Town,Elko,Concord,Bayonne,Albuquerque,Auburn,Bath,Dickinson,Ashtabula,Alva,Astoria,Allentown,Central Falls,Anderson,Brookings,Chattanooga,Amarillo,Bountiful,Bennington,Bristol,Auburn,Bluefield,Baraboo,Cheyenne
Athens,Haines,Casa Grande,Benton,Antioch,Boulder,Branford,New Castle,Boca Raton,Athens,Honolulu,Caldwell,Aurora,Columbus,Burlington,Chanute,Berea,Baton Rouge,Bar Harbor,Bethesda-Chevy Chase,Amherst,Battle Creek,Bemidji,Clarksdale,Carthage,Butte,Chadron,Ely,Derry,Bloomfield,Artesia,Babylon,Beaufort,Fargo,Athens,Anadarko,Baker City,Altoona,Cranston,Beaufort,Canton,Clarksville,Arlington,Brigham City,Brattleboro,Charlottesville,Bellevue,Buckhannon,Belmont,Cody
Atmore,Homer,Chandler,Blytheville,Arcadia,Breckenridge,Bridgeport,Newark,Bradenton,Atlanta,Kahului,Coeur d’Alene,Belleville,Connersville,Cedar Falls,Coffeyville,Boonesborough,Bogalusa,Bath,Bowie,Andover,Bay City,Bloomington,Columbia,Chillicothe,Dillon,Columbus,Fallon,Dover,Bordentown,Belen,Batavia,Boone,Grand Forks,Barberton,Ardmore,Beaverton,Ambridge,East Greenwich,Camden,Custer,Cleveland,Austin,Cedar City,Burlington,Chesapeake,Bellingham,Charles Town,Beloit,Douglas
Auburn,Juneau,Clifton,Camden,Bakersfield,Brighton,Bristol,Smyrna,Cape Coral,Augusta,Kaneohe,Idaho City,Belvidere,Corydon,Cedar Rapids,Council Grove,Bowling Green,Bossier City,Belfast,Cambridge,Arlington,Benton Harbor,Brainerd,Columbus,Clayton,Fort Benton,Fremont,Genoa,Durham,Bound Brook,Carlsbad,Beacon,Burlington,Jamestown,Bedford,Bartlesville,Bend,Bedford,East Providence,Charleston,De Smet,Columbia,Baytown,Clearfield,Essex,Danville,Bremerton,Charleston,Eau Claire,Evanston
Bessemer,Ketchikan,Douglas,Conway,Barstow,Canon City,Coventry,Wilmington,Clearwater,Bainbridge,Kapaa,Idaho Falls,Bloomington,Crawfordsville,Charles City,Dodge City,Campbellsville,Gretna,Biddeford,Catonsville,Athol,Bloomfield Hills,Crookston,Corinth,Columbia,Glendive,Grand Island,Goldfield,Exeter,Bridgeton,Clovis,Bedford,Chapel Hill,Mandan,Bellefontaine,Bethany,Brookings,Bethlehem,Kingston,Columbia,Deadwood,Cookeville,Beaumont,Delta,Manchester,Fairfax,Centralia,Clarksburg,Fond du Lac,Gillette
Birmingham,Kodiak,Flagstaff,Crossett,Belmont,Central City,Danbury,,Cocoa Beach,Blairsville,Kawaihae,Kellogg,Brookfield,East Chicago,Cherokee,Emporia,Covington,Houma,Boothbay Harbor,College Park,Attleboro,Cadillac,Duluth,Greenville,Excelsior Springs,Great Falls,Hastings,Henderson,Franklin,Burlington,Deming,Binghamton,Charlotte,Minot,Bowling Green,Chickasha,Burns,Bloomsburg,Middletown,Darlington,Hot Springs,Dayton,Big Spring,Fillmore,Middlebury,Falls Church,Coulee Dam,Elkins,Green Bay,Green River
Chickasaw,Kotzebue,Florence,El Dorado,Berkeley,Climax,Darien,,Cocoa-Rockledge,Brunswick,Lahaina,Lewiston,Cahokia,Elkhart,Clinton,Fort Scott,Danville,Lafayette,Brunswick,Columbia,Barnstable,Charlevoix,Ely,Greenwood,Ferguson,Havre,Kearney,Las Vegas,Hanover,Caldwell,Farmington,Bronx,Concord,Rugby,Canton,Claremore,Coos Bay,Bradford,Narragansett,Florence,Huron,Elizabethton,Borger,Green River,Montpelier,Fredericksburg,Coupeville,Fairmont,Hayward,Jackson
Clanton,Nome,Gila Bend,Fayetteville,Beverly Hills,Colorado Springs,Derby,,Coral Gables,Calhoun,Laie,Moscow,Cairo,Elwood,Council Bluffs,Garden City,Elizabethtown,Lake Charles,Calais,Cumberland,Bedford,Cheboygan,Eveleth,Grenada,Florissant,Helena,Lincoln,North Las Vegas,Hillsborough,Camden,Gallup,Brooklyn,Durham,Valley City,Chillicothe,Clinton,Corvallis,Bristol,Newport,Gaffney,Lead,Franklin,Brownsville,Heber City,Newport,Hampton,Ellensburg,Grafton,Janesville,Lander
Cullman,Palmer,Glendale,Forrest City,Brea,Cortez,East Hartford,,Daytona Beach,Carrollton,Wahiawa,Nampa,Calumet City,Evansville,Davenport,Great Bend,Frankfort,Monroe,Caribou,Easton,Beverly,Dearborn,Faribault,Gulfport,Fulton,Kalispell,McCook,Reno,Keene,Cape May,Grants,Buffalo,Edenton,Wahpeton,Cincinnati,Cushing,Eugene,Carbondale,North Kingstown,Georgetown,Madison,Gallatin,Bryan,Kanab,Plymouth,Hanover,Ephrata,Harpers Ferry,Kenosha,Laramie
Decatur,Seward,Globe,Fort Smith,Buena Park,Cripple Creek,East Haven,,De Land,Columbus,Wailuku,Pocatello,Canton,Fort Wayne,Des Moines,Hays,Harlan,Morgan City,Castine,Elkton,Boston,Detroit,Fergus Falls,Hattiesburg,Hannibal,Lewistown,Minden,Sparks,Laconia,Clifton,Hobbs,Chautauqua,Elizabeth City,Williston,Cleveland,Duncan,Grants Pass,Carlisle,Pawtucket,Greenville,Milbank,Gatlinburg,Canyon,Layton,Rutland,Hopewell,Everett,Hillsboro,La Crosse,Newcastle
Demopolis,Sitka,Kingman,Harrison,Burbank,Denver,Enfield,,Deerfield Beach,Dahlonega,Waimea,Priest River,Carbondale,French Lick,Dubuque,Hutchinson,Harrodsburg,Natchitoches,Eastport,Emmitsburg,Bourne,East Lansing,Hastings,Holly Springs,Independence,Livingston,Nebraska City,Virginia City,Lebanon,Cranford,Las Cruces,Cheektowaga,Fayetteville,,Cleveland Heights,Durant,Hillsboro,Chambersburg,Portsmouth,Greenwood,Mitchell,Greeneville,Cleburne,Lehi,Saint Albans,Lexington,Hoquiam,Hinton,Lake Geneva,Powell
Dothan,Skagway,Lake Havasu City,Helena,Calexico,Durango,Fairfield,,Delray Beach,Dalton,,Rexburg,Carlinville,Gary,Estherville,Independence,Hazard,New Iberia,Ellsworth,Frederick,Braintree,Eastpointe,Hibbing,Jackson,Jefferson City,Miles City,Norfolk,Winnemucca,Manchester,East Orange,Las Vegas,Clinton,Gastonia,,Columbus,Edmond,Hood River,Chester,Providence,Hartsville,Mobridge,Jackson,College Station,Logan,Saint Johnsbury,Lynchburg,Kelso,Huntington,Madison,Rawlins
Enterprise,Valdez,Mesa,Hope,Calistoga,Englewood,Farmington,,Fernandina Beach,Darien,,Sun Valley,Carthage,Geneva,Fairfield,Junction City,Henderson,New Orleans,Farmington,Greenbelt,Brockton,Ecorse,International Falls,Laurel,Joplin,Missoula,North Platte,,Nashua,Edison,Los Alamos,Cohoes,Goldsboro,,Conneaut,El Reno,Jacksonville,Columbia,South Kingstown,Lancaster,Pierre,Johnson City,Corpus Christi,Manti,Sharon,Manassas,Kennewick,Keyser,Manitowoc,Riverton
Eufaula,,Nogales,Hot Springs,Carlsbad,Estes Park,Greenwich,,Fort Lauderdale,Decatur,,Twin Falls,Centralia,Goshen,Fort Dodge,Kansas City,Hodgenville,Opelousas,Fort Kent,Hagerstown,Brookline,Escanaba,Little Falls,Meridian,Kansas City,Virginia City,Omaha,,Peterborough,Elizabeth,Lovington,Coney Island,Greensboro,,Cuyahoga Falls,Elk City,John Day,Easton,Tiverton,Mount Pleasant,Rapid City,Jonesborough,Crystal City,Moab,Winooski,Martinsville,Longview,Lewisburg,Marinette,Rock Springs
Florence,,Oraibi,Jacksonville,Carmel,Fort Collins,Groton,,Fort Myers,Douglas,,,Champaign,Greenfield,Grinnell,Lawrence,Hopkinsville,Ruston,Gardiner,Hyattsville,Cambridge,Flint,Mankato,Natchez,Kirksville,,Plattsmouth,,Plymouth,Englewood,Portales,Cooperstown,Greenville,,Dayton,Enid,Klamath Falls,Erie,Warren,Myrtle Beach,Sioux Falls,Kingsport,Dallas,Monticello,,New Market,Moses Lake,Logan,Menasha,Sheridan
Fort Payne,,Phoenix,Jonesboro,Chico,Fort Morgan,Guilford,,Fort Pierce,East Point,,,Charleston,Hammond,Indianola,Leavenworth,Lexington,Saint Martinville,Houlton,Laurel,Canton,Grand Haven,Minneapolis,Ocean Springs,Lamar,,Red Cloud,,Portsmouth,Fort Lee,Raton,Corning,Halifax,,Defiance,Eufaula,La Grande,Franklin,Warwick,Orangeburg,Spearfish,Knoxville,Del Rio,Murray,,Newport News,Oak Harbor,Martinsburg,Milwaukee,Ten Sleep
Gadsden,,Prescott,Little Rock,Chula Vista,Georgetown,Hamden,,Fort Walton Beach,Fitzgerald,,,Chester,Hobart,Iowa City,Liberal,Louisville,Shreveport,Kennebunkport,Oakland,Charlestown,Grand Rapids,Moorhead,Oxford,Lebanon,,Sidney,,Rochester,Glassboro,Roswell,Cortland,Henderson,,Delaware,Frederick,Lake Oswego,Germantown,Westerly,Rock Hill,Sturgis,Lebanon,Denison,Nephi,,Norfolk,Olympia,Morgantown,Neenah,Thermopolis
Greenville,,Scottsdale,Magnolia,Claremont,Glenwood Springs,Hartford,,Gainesville,Fort Valley,,,Chicago,Huntington,Keokuk,Manhattan,Mayfield,Thibodaux,Kittery,Ocean City,Chelmsford,Grayling,New Ulm,Pascagoula,Lexington,,,,Salem,Hackensack,Santa Fe,Crown Point,Hickory,,East Cleveland,Guthrie,Lakeview,Gettysburg,Wickford,Spartanburg,Vermillion,Maryville,Denton,Ogden,,Petersburg,Pasco,Moundsville,New Glarus,Torrington
Guntersville,,Sierra Vista,Morrilton,Compton,Golden,Lebanon,,Hallandale Beach,Gainesville,,,Chicago Heights,Indianapolis,Mason City,McPherson,Maysville,,Lewiston,Rockville,Chelsea,Grosse Pointe,Northfield,Pass Christian,Maryville,,,,Somersworth,Haddonfield,Shiprock,Dunkirk,High Point,,East Liverpool,Guymon,McMinnville,Greensburg,Woonsocket,Sumter,Watertown,Memphis,Eagle Pass,Orderville,,Portsmouth,Point Roberts,New Martinsville,Oconto,Worland
Huntsville,,Tempe,Newport,Concord,Grand Junction,Litchfield,,Hialeah,La Grange,,,Cicero,Jeffersonville,Mount Pleasant,Medicine Lodge,Middlesboro,,Lubec,Saint Marys City,Chicopee,Hancock,Owatonna,Philadelphia,Mexico,,,,,Hoboken,Silver City,East Aurora,Hillsborough,,Elyria,Hobart,Medford,Hanover,,Union,Yankton,Morristown,Edinburg,Orem,,Reston,Port Angeles,Parkersburg,Oshkosh,
Jasper,,Tombstone,North Little Rock,Corona,Greeley,Manchester,,Hollywood,Macon,,,Collinsville,Kokomo,Muscatine,Newton,Newport,,Machias,Salisbury,Clinton,Highland Park,Pipestone,Port Gibson,Monett,,,,,Irvington,Socorro,East Hampton,Jacksonville,,Euclid,Holdenville,Newberg,Harmony,,,,Murfreesboro,El Paso,Panguitch,,Richmond,Pullman,Philippi,Peshtigo,
Marion,,Tucson,Osceola,Coronado,Gunnison,Mansfield,,Homestead,Marietta,,,Danville,Lafayette,Newton,Olathe,Owensboro,,Orono,Silver Spring,Cohasset,Holland,Red Wing,Starkville,Neosho,,,,,Jersey City,Taos,Eastchester,Kinston,,Findlay,Hugo,Newport,Harrisburg,,,,Nashville,Fort Worth,Park City,,Roanoke,Puyallup,Point Pleasant,Portage,
Mobile,,Walpi,Pine Bluff,Costa Mesa,La Junta,Meriden,,Jacksonville,Milledgeville,,,Decatur,Madison,Oskaloosa,Osawatomie,Paducah,,Portland,Takoma Park,Concord,Houghton,Rochester,Tupelo,New Madrid,,,,,Lakehurst,Truth or Consequences,Elmira,Kitty Hawk,,Gallipolis,Lawton,Ontario,Hazleton,,,,Norris,Freeport,Payson,,Staunton,Redmond,Princeton,Prairie du Chien,
Montgomery,,Window Rock,Rogers,Culver City,Leadville,Middletown,,Key West,Plains,,,DeKalb,Marion,Ottumwa,Ottawa,Paris,,Presque Isle,Towson,Danvers,Interlochen,Saint Cloud,Vicksburg,Rolla,,,,,Lakewood,Tucumcari,Flushing,Lumberton,,Greenville,McAlester,Oregon City,Hershey,,,,Oak Ridge,Galveston,Price,,Suffolk,Renton,Romney,Racine,
Opelika,,Winslow,Searcy,Daly City,Littleton,Milford,,Lake City,Rome,,,Des Plaines,Michigan City,Sioux City,Overland Park,Richmond,,Rockland,Westminster,Dartmouth,Iron Mountain,Saint Paul,West Point,Saint Charles,,,,,Long Beach,,Forest Hills,Morehead City,,Hamilton,Miami,Pendleton,Homestead,,,,Shelbyville,Garland,Provo,,Virginia Beach,Richland,Shepherdstown,Rhinelander,
Ozark,,Yuma,Stuttgart,Davis,Longmont,Mystic,,Lake Wales,Savannah,,,Dixon,Mishawaka,Waterloo,Pittsburg,,,Rumford,,Dedham,Ironwood,Sauk Centre,Yazoo City,Saint Joseph,,,,,Long Branch,,Fredonia,Morganton,,Kent,Midwest City,Port Orford,Honesdale,,,,Tullahoma,Goliad,Saint George,,Waynesboro,Seattle,South Charleston,Ripon,
Phenix City,,,Van Buren,Downey,Loveland,Naugatuck,,Lakeland,Toccoa,,,East Moline,Muncie,Webster City,Salina,,,Saco,,Dennis,Ishpeming,South Saint Paul,,Saint Louis,,,,,Madison,,Garden City,Nags Head,,Kettering,Moore,Portland,Indiana,,,,,Greenville,Salt Lake City,,Williamsburg,Spokane,Summersville,Sheboygan,
Prichard,,,West Memphis,El Centro,Montrose,New Britain,,Largo,Valdosta,,,East Saint Louis,Nappanee,West Des Moines,Shawnee,,,Scarborough,,Duxbury,Jackson,Stillwater,,Sainte Genevieve,,,,,Menlo Park,,Geneva,New Bern,,Lakewood,Muskogee,Prineville,Jeannette,,,,,Harlingen,Spanish Fork,,Winchester,Tacoma,Weirton,Spring Green,
Scottsboro,,,,El Cerrito,Ouray,New Haven,,Melbourne,Warm Springs,,,Effingham,Nashville,,Smith Center,,,Waterville,,Eastham,Kalamazoo,Virginia,,Salem,,,,,Millburn,,Glens Falls,Pinehurst,,Lancaster,Norman,Redmond,Jim Thorpe,,,,,Houston,Springville,,,Vancouver,Welch,Stevens Point,
Selma,,,,El Monte,Pagosa Springs,New London,,Miami,Warner Robins,,,Elgin,New Albany,,Topeka,,,York,,Edgartown,Lansing,Willmar,,Sedalia,,,,,Millville,,Gloversville,Raleigh,,Lima,Oklahoma City,Reedsport,Johnstown,,,,,Huntsville,Tooele,,,Walla Walla,Wellsburg,Sturgeon Bay,
Sheffield,,,,Escondido,Pueblo,North Haven,,Miami Beach,Washington,,,Elmhurst,New Castle,,Wichita,,,,,Everett,Livonia,Winona,,Springfield,,,,,Montclair,,Great Neck,Rocky Mount,,Lorain,Okmulgee,Roseburg,Lancaster,,,,,Irving,Vernal,,,Wenatchee,Weston,Superior,
Sylacauga,,,,Eureka,Silverton,Norwalk,,Naples,Waycross,,,Evanston,New Harmony,,,,,,,Fairhaven,Ludington,,,Warrensburg,,,,,Morristown,,Hammondsport,Salisbury,,Mansfield,Pauls Valley,Salem,Lebanon,,,,,Johnson City,,,,Yakima,Wheeling,Waukesha,
Talladega,,,,Fairfield,Steamboat Springs,Norwich,,New Smyrna Beach,,,,Freeport,Peru,,,,,,,Fall River,Mackinaw City,,,West Plains,,,,,Mount Holly,,Harlem,Shelby,,Marietta,Pawhuska,Seaside,Levittown,,,,,Kilgore,,,,,White Sulphur Springs,Wausau,
Troy,,,,Fontana,Sterling,Old Saybrook,,Ocala,,,,Galena,Plymouth,,,,,,,Falmouth,Manistee,,,,,,,,New Brunswick,,Hempstead,Washington,,Marion,Perry,Springfield,Lewistown,,,,,Killeen,,,,,Williamson,Wauwatosa,
Tuscaloosa,,,,Fremont,Telluride,Orange,,Orlando,,,,Galesburg,Richmond,,,,,,,Fitchburg,Marquette,,,,,,,,New Milford,,Herkimer,Wilmington,,Martins Ferry,Ponca City,The Dalles,Lock Haven,,,,,Kingsville,,,,,,West Allis,
Tuscumbia,,,,Fresno,Trinidad,Seymour,,Ormond Beach,,,,Glen Ellyn,Santa Claus,,,,,,,Framingham,Menominee,,,,,,,,Newark,,Hudson,Wilson,,Massillon,Pryor,Tillamook,Lower Southampton,,,,,Laredo,,,,,,West Bend,
Tuskegee,,,,Fullerton,Vail,Shelton,,Palatka,,,,Glenview,Shelbyville,,,,,,,Gloucester,Midland,,,,,,,,Ocean City,,Huntington,Winston-Salem,,Mentor,Sallisaw,,McKeesport,,,,,Longview,,,,,,Wisconsin Dells,
,,,,Garden Grove,Walsenburg,Simsbury,,Palm Bay,,,,Granite City,South Bend,,,,,,,Great Barrington,Monroe,,,,,,,,Orange,,Hyde Park,,,Middletown,Sand Springs,,Meadville,,,,,Lubbock,,,,,,,
,,,,Glendale,Westminster,Southington,,Palm Beach,,,,Harrisburg,Terre Haute,,,,,,,Greenfield,Mount Clemens,,,,,,,,Parsippany–Troy Hills,,Ilion,,,Milan,Sapulpa,,Middletown,,,,,Lufkin,,,,,,,
,,,,Hayward,,Stamford,,Panama City,,,,Herrin,Valparaiso,,,,,,,Groton,Mount Pleasant,,,,,,,,Passaic,,Ithaca,,,Mount Vernon,Seminole,,Monroeville,,,,,Marshall,,,,,,,
,,,,Hollywood,,Stonington,,Pensacola,,,,Highland Park,Vincennes,,,,,,,Harwich,Muskegon,,,,,,,,Paterson,,Jamestown,,,New Philadelphia,Shawnee,,Nanticoke,,,,,McAllen,,,,,,,
,,,,Huntington Beach,,Stratford,,Pompano Beach,,,,Jacksonville,Wabash,,,,,,,Haverhill,Niles,,,,,,,,Perth Amboy,,Johnstown,,,Newark,Stillwater,,New Castle,,,,,McKinney,,,,,,,
,,,,Indio,,Torrington,,Saint Augustine,,,,Joliet,West Lafayette,,,,,,,Hingham,Petoskey,,,,,,,,Plainfield,,Kingston,,,Niles,Tahlequah,,New Hope,,,,,Mesquite,,,,,,,
,,,,Inglewood,,Wallingford,,Saint Petersburg,,,,Kankakee,,,,,,,,Holyoke,Pontiac,,,,,,,,Princeton,,Lackawanna,,,North College Hill,The Village,,New Kensington,,,,,Midland,,,,,,,
,,,,Irvine,,Waterbury,,Sanford,,,,Kaskaskia,,,,,,,,Hyannis,Port Huron,,,,,,,,Ridgewood,,Lake Placid,,,Norwalk,Tulsa,,Norristown,,,,,Mission,,,,,,,
,,,,La Habra,,Waterford,,Sarasota,,,,Kewanee,,,,,,,,Ipswich,Royal Oak,,,,,,,,Roselle,,Levittown,,,Oberlin,Vinita,,Oil City,,,,,Nacogdoches,,,,,,,
,,,,Laguna Beach,,Watertown,,Sebring,,,,La Salle,,,,,,,,Lawrence,Saginaw,,,,,,,,Rutherford,,Lockport,,,Painesville,Wewoka,,Philadelphia,,,,,New Braunfels,,,,,,,
,,,,Lancaster,,West Hartford,,Tallahassee,,,,Lake Forest,,,,,,,,Lenox,Saint Ignace,,,,,,,,Salem,,Mamaroneck,,,Parma,Woodward,,Phoenixville,,,,,Odessa,,,,,,,
,,,,Livermore,,West Haven,,Tampa,,,,Libertyville,,,,,,,,Leominster,Saint Joseph,,,,,,,,Somerville,,Manhattan,,,Piqua,,,Pittsburgh,,,,,Orange,,,,,,,
,,,,Lodi,,Westport,,Tarpon Springs,,,,Lincoln,,,,,,,,Lexington,Sault Sainte Marie,,,,,,,,South Orange Village,,Massena,,,Portsmouth,,,Pottstown,,,,,Pampa,,,,,,,
,,,,Lompoc,,Wethersfield,,Titusville,,,,Lisle,,,,,,,,Lowell,Traverse City,,,,,,,,Totowa,,Middletown,,,Put-in-Bay,,,Pottsville,,,,,Paris,,,,,,,
,,,,Long Beach,,Willimantic,,Venice,,,,Lombard,,,,,,,,Ludlow,Trenton,,,,,,,,Trenton,,Mineola,,,Salem,,,Reading,,,,,Pasadena,,,,,,,
,,,,Los Angeles,,Windham,,West Palm Beach,,,,Macomb,,,,,,,,Lynn,Warren,,,,,,,,Union,,Mount Vernon,,,Sandusky,,,Scranton,,,,,Pecos,,,,,,,
,,,,Malibu,,Windsor,,White Springs,,,,Mattoon,,,,,,,,Malden,Wyandotte,,,,,,,,Union City,,New Paltz,,,Shaker Heights,,,Shamokin,,,,,Pharr,,,,,,,
,,,,Martinez,,Windsor Locks,,Winter Haven,,,,Moline,,,,,,,,Marblehead,Ypsilanti,,,,,,,,Vineland,,New Rochelle,,,Springfield,,,Sharon,,,,,Plainview,,,,,,,
,,,,Marysville,,Winsted,,Winter Park,,,,Monmouth,,,,,,,,Marlborough,,,,,,,,,Wayne,,New Windsor,,,Steubenville,,,State College,,,,,Plano,,,,,,,
,,,,Menlo Park,,,,,,,,Mount Vernon,,,,,,,,Medford,,,,,,,,,Weehawken,,New York City,,,Tiffin,,,Stroudsburg,,,,,Port Arthur,,,,,,,
,,,,Merced,,,,,,,,Mundelein,,,,,,,,Milton,,,,,,,,,West New York,,Newburgh,,,Toledo,,,Sunbury,,,,,Port Lavaca,,,,,,,
,,,,Modesto,,,,,,,,Naperville,,,,,,,,Nahant,,,,,,,,,West Orange,,Niagara Falls,,,Urbana,,,Swarthmore,,,,,Richardson,,,,,,,
,,,,Monterey,,,,,,,,Nauvoo,,,,,,,,Natick,,,,,,,,,Willingboro,,North Hempstead,,,Warren,,,Tamaqua,,,,,San Angelo,,,,,,,
,,,,Mountain View,,,,,,,,Normal,,,,,,,,New Bedford,,,,,,,,,Woodbridge,,Nyack,,,Wooster,,,Titusville,,,,,San Antonio,,,,,,,
,,,,Napa,,,,,,,,North Chicago,,,,,,,,Newburyport,,,,,,,,,,,Ogdensburg,,,Worthington,,,Uniontown,,,,,San Felipe,,,,,,,
,,,,Needles,,,,,,,,Oak Park,,,,,,,,Newton,,,,,,,,,,,Olean,,,Xenia,,,Warren,,,,,San Marcos,,,,,,,
,,,,Newport Beach,,,,,,,,Oregon,,,,,,,,North Adams,,,,,,,,,,,Oneida,,,Yellow Springs,,,Washington,,,,,Sherman,,,,,,,
,,,,Norwalk,,,,,,,,Ottawa,,,,,,,,Northampton,,,,,,,,,,,Oneonta,,,Youngstown,,,West Chester,,,,,Sweetwater,,,,,,,
,,,,Novato,,,,,,,,Palatine,,,,,,,,Norton,,,,,,,,,,,Ossining,,,Zanesville,,,Wilkes-Barre,,,,,Temple,,,,,,,
,,,,Oakland,,,,,,,,Park Forest,,,,,,,,Norwood,,,,,,,,,,,Oswego,,,,,,Williamsport,,,,,Texarkana,,,,,,,
,,,,Oceanside,,,,,,,,Park Ridge,,,,,,,,Peabody,,,,,,,,,,,Oyster Bay,,,,,,York,,,,,Texas City,,,,,,,
,,,,Ojai,,,,,,,,Pekin,,,,,,,,Pittsfield,,,,,,,,,,,Palmyra,,,,,,,,,,,Tyler,,,,,,,
,,,,Ontario,,,,,,,,Peoria,,,,,,,,Plymouth,,,,,,,,,,,Peekskill,,,,,,,,,,,Uvalde,,,,,,,
,,,,Orange,,,,,,,,Petersburg,,,,,,,,Provincetown,,,,,,,,,,,Plattsburgh,,,,,,,,,,,Victoria,,,,,,,
,,,,Oroville,,,,,,,,Pontiac,,,,,,,,Quincy,,,,,,,,,,,Port Washington,,,,,,,,,,,Waco,,,,,,,
,,,,Oxnard,,,,,,,,Quincy,,,,,,,,Randolph,,,,,,,,,,,Potsdam,,,,,,,,,,,Weatherford,,,,,,,
,,,,Pacific Grove,,,,,,,,Rantoul,,,,,,,,Revere,,,,,,,,,,,Poughkeepsie,,,,,,,,,,,Wichita Falls,,,,,,,
,,,,Palm Springs,,,,,,,,River Forest,,,,,,,,Salem,,,,,,,,,,,Queens,,,,,,,,,,,Ysleta,,,,,,,
,,,,Palmdale,,,,,,,,Rock Island,,,,,,,,Sandwich,,,,,,,,,,,Rensselaer,,,,,,,,,,,,,,,,,,
,,,,Palo Alto,,,,,,,,Rockford,,,,,,,,Saugus,,,,,,,,,,,Rochester,,,,,,,,,,,,,,,,,,
,,,,Pasadena,,,,,,,,Salem,,,,,,,,Somerville,,,,,,,,,,,Rome,,,,,,,,,,,,,,,,,,
,,,,Petaluma,,,,,,,,Shawneetown,,,,,,,,South Hadley,,,,,,,,,,,Rotterdam,,,,,,,,,,,,,,,,,,
,,,,Pomona,,,,,,,,Skokie,,,,,,,,Springfield,,,,,,,,,,,Rye,,,,,,,,,,,,,,,,,,
,,,,Port Hueneme,,,,,,,,South Holland,,,,,,,,Stockbridge,,,,,,,,,,,Sag Harbor,,,,,,,,,,,,,,,,,,
,,,,Rancho Cucamonga,,,,,,,,Springfield,,,,,,,,Stoughton,,,,,,,,,,,Saranac Lake,,,,,,,,,,,,,,,,,,
,,,,Red Bluff,,,,,,,,Streator,,,,,,,,Sturbridge,,,,,,,,,,,Saratoga Springs,,,,,,,,,,,,,,,,,,
,,,,Redding,,,,,,,,Summit,,,,,,,,Sudbury,,,,,,,,,,,Scarsdale,,,,,,,,,,,,,,,,,,
,,,,Redlands,,,,,,,,Urbana,,,,,,,,Taunton,,,,,,,,,,,Schenectady,,,,,,,,,,,,,,,,,,
,,,,Redondo Beach,,,,,,,,Vandalia,,,,,,,,Tewksbury,,,,,,,,,,,Seneca Falls,,,,,,,,,,,,,,,,,,
,,,,Redwood City,,,,,,,,Virden,,,,,,,,Truro,,,,,,,,,,,Southampton,,,,,,,,,,,,,,,,,,
,,,,Richmond,,,,,,,,Waukegan,,,,,,,,Watertown,,,,,,,,,,,Staten Island,,,,,,,,,,,,,,,,,,
,,,,Riverside,,,,,,,,Wheaton,,,,,,,,Webster,,,,,,,,,,,Stony Brook,,,,,,,,,,,,,,,,,,
,,,,Roseville,,,,,,,,Wilmette,,,,,,,,Wellesley,,,,,,,,,,,Stony Point,,,,,,,,,,,,,,,,,,
,,,,Sacramento,,,,,,,,Winnetka,,,,,,,,Wellfleet,,,,,,,,,,,Syracuse,,,,,,,,,,,,,,,,,,
,,,,Salinas,,,,,,,,Wood River,,,,,,,,West Bridgewater,,,,,,,,,,,Tarrytown,,,,,,,,,,,,,,,,,,
,,,,San Bernardino,,,,,,,,Zion,,,,,,,,West Springfield,,,,,,,,,,,Ticonderoga,,,,,,,,,,,,,,,,,,
,,,,San Clemente,,,,,,,,,,,,,,,,Westfield,,,,,,,,,,,Tonawanda,,,,,,,,,,,,,,,,,,
,,,,San Diego,,,,,,,,,,,,,,,,Weymouth,,,,,,,,,,,Troy,,,,,,,,,,,,,,,,,,
,,,,San Fernando,,,,,,,,,,,,,,,,Whitman,,,,,,,,,,,Utica,,,,,,,,,,,,,,,,,,
,,,,San Francisco,,,,,,,,,,,,,,,,Williamstown,,,,,,,,,,,Watertown,,,,,,,,,,,,,,,,,,
,,,,San Gabriel,,,,,,,,,,,,,,,,Woburn,,,,,,,,,,,Watervliet,,,,,,,,,,,,,,,,,,
,,,,San Jose,,,,,,,,,,,,,,,,Woods Hole,,,,,,,,,,,Watkins Glen,,,,,,,,,,,,,,,,,,
,,,,San Juan Capistrano,,,,,,,,,,,,,,,,Worcester,,,,,,,,,,,West Seneca,,,,,,,,,,,,,,,,,,
,,,,San Leandro,,,,,,,,,,,,,,,,,,,,,,,,,,,White Plains,,,,,,,,,,,,,,,,,,
,,,,San Luis Obispo,,,,,,,,,,,,,,,,,,,,,,,,,,,Woodstock,,,,,,,,,,,,,,,,,,
,,,,San Marino,,,,,,,,,,,,,,,,,,,,,,,,,,,Yonkers,,,,,,,,,,,,,,,,,,
,,,,San Mateo,,,,,,,,,,,,,,,,,,,,,,,,,,,,,,,,,,,,,,,,,,,,,
,,,,San Pedro,,,,,,,,,,,,,,,,,,,,,,,,,,,,,,,,,,,,,,,,,,,,,
,,,,San Rafael,,,,,,,,,,,,,,,,,,,,,,,,,,,,,,,,,,,,,,,,,,,,,
,,,,San Simeon,,,,,,,,,,,,,,,,,,,,,,,,,,,,,,,,,,,,,,,,,,,,,
,,,,Santa Ana,,,,,,,,,,,,,,,,,,,,,,,,,,,,,,,,,,,,,,,,,,,,,
,,,,Santa Barbara,,,,,,,,,,,,,,,,,,,,,,,,,,,,,,,,,,,,,,,,,,,,,
,,,,Santa Clara,,,,,,,,,,,,,,,,,,,,,,,,,,,,,,,,,,,,,,,,,,,,,
,,,,Santa Clarita,,,,,,,,,,,,,,,,,,,,,,,,,,,,,,,,,,,,,,,,,,,,,
,,,,Santa Cruz,,,,,,,,,,,,,,,,,,,,,,,,,,,,,,,,,,,,,,,,,,,,,
,,,,Santa Monica,,,,,,,,,,,,,,,,,,,,,,,,,,,,,,,,,,,,,,,,,,,,,
,,,,Santa Rosa,,,,,,,,,,,,,,,,,,,,,,,,,,,,,,,,,,,,,,,,,,,,,
,,,,Sausalito,,,,,,,,,,,,,,,,,,,,,,,,,,,,,,,,,,,,,,,,,,,,,
,,,,Simi Valley,,,,,,,,,,,,,,,,,,,,,,,,,,,,,,,,,,,,,,,,,,,,,
,,,,Sonoma,,,,,,,,,,,,,,,,,,,,,,,,,,,,,,,,,,,,,,,,,,,,,
,,,,South San Francisco,,,,,,,,,,,,,,,,,,,,,,,,,,,,,,,,,,,,,,,,,,,,,
,,,,Stockton,,,,,,,,,,,,,,,,,,,,,,,,,,,,,,,,,,,,,,,,,,,,,
,,,,Sunnyvale,,,,,,,,,,,,,,,,,,,,,,,,,,,,,,,,,,,,,,,,,,,,,
,,,,Susanville,,,,,,,,,,,,,,,,,,,,,,,,,,,,,,,,,,,,,,,,,,,,,
,,,,Thousand Oaks,,,,,,,,,,,,,,,,,,,,,,,,,,,,,,,,,,,,,,,,,,,,,
,,,,Torrance,,,,,,,,,,,,,,,,,,,,,,,,,,,,,,,,,,,,,,,,,,,,,
,,,,Turlock,,,,,,,,,,,,,,,,,,,,,,,,,,,,,,,,,,,,,,,,,,,,,
,,,,Ukiah,,,,,,,,,,,,,,,,,,,,,,,,,,,,,,,,,,,,,,,,,,,,,
,,,,Vallejo,,,,,,,,,,,,,,,,,,,,,,,,,,,,,,,,,,,,,,,,,,,,,
,,,,Ventura,,,,,,,,,,,,,,,,,,,,,,,,,,,,,,,,,,,,,,,,,,,,,
,,,,Victorville,,,,,,,,,,,,,,,,,,,,,,,,,,,,,,,,,,,,,,,,,,,,,
,,,,Visalia,,,,,,,,,,,,,,,,,,,,,,,,,,,,,,,,,,,,,,,,,,,,,
,,,,Walnut Creek,,,,,,,,,,,,,,,,,,,,,,,,,,,,,,,,,,,,,,,,,,,,,
,,,,Watts,,,,,,,,,,,,,,,,,,,,,,,,,,,,,,,,,,,,,,,,,,,,,
,,,,West Covina,,,,,,,,,,,,,,,,,,,,,,,,,,,,,,,,,,,,,,,,,,,,,
,,,,Whittier,,,,,,,,,,,,,,,,,,,,,,,,,,,,,,,,,,,,,,,,,,,,,
,,,,Woodland,,,,,,,,,,,,,,,,,,,,,,,,,,,,,,,,,,,,,,,,,,,,,
,,,,Yorba Linda,,,,,,,,,,,,,,,,,,,,,,,,,,,,,,,,,,,,,,,,,,,,,
,,,,Yuba City,,,,,,,,,,,,,,,,,,,,,,,,,,,,,,,,,,,,,,,,,,,,,
